site,name,day,total rainfall (mm),latitude,longitude
TA00002,Benso SHS,2018-05-15,0,5.1525726,-1.88152258
TA00002,Benso SHS,2018-05-16,3.11,5.1525726,-1.88152258
TA00002,Benso SHS,2018-05-17,3.54,5.1525726,-1.88152258
TA00002,Benso SHS,2018-05-18,0.04,5.1525726,-1.88152258
TA00002,Benso SHS,2018-05-19,8.37,5.1525726,-1.88152258
TA00003,Prestea SHTS,2018-05-15,0.79,5.4468564,-2.13392852
TA00003,Prestea SHTS,2018-05-16,0.25,5.4468564,-2.13392852
TA00003,Prestea SHTS,2018-05-17,10.13,5.4468564,-2.13392852
TA00003,Prestea SHTS,2018-05-18,5.58,5.4468564,-2.13392852
TA00003,Prestea SHTS,2018-05-19,4.75,5.4468564,-2.13392852
TA00004,Manso Amenfi NVTI,2018-05-15,0.1,5.643022,-2.26681728
TA00004,Manso Amenfi NVTI,2018-05-16,0.18,5.643022,-2.26681728
TA00004,Manso Amenfi NVTI,2018-05-17,0.04,5.643022,-2.26681728
TA00004,Manso Amenfi NVTI,2018-05-18,0.02,5.643022,-2.26681728
TA00004,Manso Amenfi NVTI,2018-05-19,0.04,5.643022,-2.26681728
TA00005,Asankragwa SHS,2018-05-15,0,5.80769241,-2.42643302
TA00005,Asankragwa SHS,2018-05-16,7.2,5.80769241,-2.42643302
TA00005,Asankragwa SHS,2018-05-17,10.75,5.80769241,-2.42643302
TA00005,Asankragwa SHS,2018-05-18,0.77,5.80769241,-2.42643302
TA00005,Asankragwa SHS,2018-05-19,0.81,5.80769241,-2.42643302
TA00006,Nana Brentu SHTS Enchi,2018-05-15,0,5.81129176,-2.82561693
TA00006,Nana Brentu SHTS Enchi,2018-05-16,0.04,5.81129176,-2.82561693
TA00006,Nana Brentu SHTS Enchi,2018-05-17,15.97,5.81129176,-2.82561693
TA00006,Nana Brentu SHTS Enchi,2018-05-18,4.12,5.81129176,-2.82561693
TA00006,Nana Brentu SHTS Enchi,2018-05-19,0.06,5.81129176,-2.82561693
TA00007,Nana Yaa Kesse SHS Duayaw Nkwanta,2018-05-15,0,7.18825723,-2.09751897
TA00007,Nana Yaa Kesse SHS Duayaw Nkwanta,2018-05-16,0,7.18825723,-2.09751897
TA00007,Nana Yaa Kesse SHS Duayaw Nkwanta,2018-05-17,0,7.18825723,-2.09751897
TA00007,Nana Yaa Kesse SHS Duayaw Nkwanta,2018-05-18,0.04,7.18825723,-2.09751897
TA00007,Nana Yaa Kesse SHS Duayaw Nkwanta,2018-05-19,0.04,7.18825723,-2.09751897
TA00008,Sacred Heart SHS Nsoatre,2018-05-15,0,7.41300544,-2.47606859
TA00008,Sacred Heart SHS Nsoatre,2018-05-16,0,7.41300544,-2.47606859
TA00008,Sacred Heart SHS Nsoatre,2018-05-17,0.27,7.41300544,-2.47606859
TA00008,Sacred Heart SHS Nsoatre,2018-05-18,0.14,7.41300544,-2.47606859
TA00008,Sacred Heart SHS Nsoatre,2018-05-19,0,7.41300544,-2.47606859
TA00009,Adehyeman SHS Amasu,2018-05-15,0,7.224886,-2.7822522
TA00009,Adehyeman SHS Amasu,2018-05-16,0,7.224886,-2.7822522
TA00009,Adehyeman SHS Amasu,2018-05-17,0.83,7.224886,-2.7822522
TA00009,Adehyeman SHS Amasu,2018-05-18,0.02,7.224886,-2.7822522
TA00009,Adehyeman SHS Amasu,2018-05-19,0,7.224886,-2.7822522
TA00010,Chiraa SHS,2018-05-15,0.2,7.3896776,-2.18599491
TA00010,Chiraa SHS,2018-05-16,0.06,7.3896776,-2.18599491
TA00010,Chiraa SHS,2018-05-17,0.04,7.3896776,-2.18599491
TA00010,Chiraa SHS,2018-05-18,0.18,7.3896776,-2.18599491
TA00010,Chiraa SHS,2018-05-19,0.02,7.3896776,-2.18599491
TA00011,OLA Girls SS Kenyasi,2018-05-15,0.2,6.98578115,-2.3961548
TA00011,OLA Girls SS Kenyasi,2018-05-16,0.24,6.98578115,-2.3961548
TA00011,OLA Girls SS Kenyasi,2018-05-17,0.16,6.98578115,-2.3961548
TA00011,OLA Girls SS Kenyasi,2018-05-18,0.28,6.98578115,-2.3961548
TA00011,OLA Girls SS Kenyasi,2018-05-19,0.16,6.98578115,-2.3961548
TA00012,Hwidiem SHS,2018-05-15,0,6.93689228,-2.3538655
TA00012,Hwidiem SHS,2018-05-16,0.12,6.93689228,-2.3538655
TA00012,Hwidiem SHS,2018-05-17,0.82,6.93689228,-2.3538655
TA00012,Hwidiem SHS,2018-05-18,0.22,6.93689228,-2.3538655
TA00012,Hwidiem SHS,2018-05-19,0.06,6.93689228,-2.3538655
TA00013,Huni Valley SHS,2018-05-15,0.1,5.46947027,-1.90846766
TA00013,Huni Valley SHS,2018-05-16,11.99,5.46947027,-1.90846766
TA00013,Huni Valley SHS,2018-05-17,7.51,5.46947027,-1.90846766
TA00013,Huni Valley SHS,2018-05-18,4.68,5.46947027,-1.90846766
TA00013,Huni Valley SHS,2018-05-19,0.04,5.46947027,-1.90846766
TA00014,Juaboso SHS,2018-05-15,0,6.345183,-2.82625
TA00014,Juaboso SHS,2018-05-16,0,6.345183,-2.82625
TA00014,Juaboso SHS,2018-05-17,0,6.345183,-2.82625
TA00014,Juaboso SHS,2018-05-18,0,6.345183,-2.82625
TA00014,Juaboso SHS,2018-05-19,0,6.345183,-2.82625
TA00015,Bia SHTS Debiso,2018-05-15,0,6.664616,-3.097246
TA00015,Bia SHTS Debiso,2018-05-16,10.04,6.664616,-3.097246
TA00015,Bia SHTS Debiso,2018-05-17,26.83,6.664616,-3.097246
TA00015,Bia SHTS Debiso,2018-05-18,0,6.664616,-3.097246
TA00015,Bia SHTS Debiso,2018-05-19,0,6.664616,-3.097246
TA00016,Accra Academy School, Accra,2018-05-15,0,5.5730222,-0.24447074
TA00016,Accra Academy School, Accra,2018-05-16,0,5.5730222,-0.24447074
TA00016,Accra Academy School, Accra,2018-05-17,28.34,5.5730222,-0.24447074
TA00016,Accra Academy School, Accra,2018-05-18,0,5.5730222,-0.24447074
TA00016,Accra Academy School, Accra,2018-05-19,0,5.5730222,-0.24447074
TA00039,KNUST JHS Kumasi,2018-05-15,0,6.684166667,-1.568333333
TA00039,KNUST JHS Kumasi,2018-05-16,0,6.684166667,-1.568333333
TA00039,KNUST JHS Kumasi,2018-05-17,0,6.684166667,-1.568333333
TA00039,KNUST JHS Kumasi,2018-05-18,0,6.684166667,-1.568333333
TA00039,KNUST JHS Kumasi,2018-05-19,0,6.684166667,-1.568333333
TA00040,University for Development Studies, Navrongo Campus,2018-05-15,0,10.88472222,-1.090277778
TA00040,University for Development Studies, Navrongo Campus,2018-05-16,0,10.88472222,-1.090277778
TA00040,University for Development Studies, Navrongo Campus,2018-05-17,0,10.88472222,-1.090277778
TA00040,University for Development Studies, Navrongo Campus,2018-05-18,0,10.88472222,-1.090277778
TA00040,University for Development Studies, Navrongo Campus,2018-05-19,0,10.88472222,-1.090277778
TA00041,Obuasi TSHS, Obuasi,2018-05-15,0,6.1871,-1.052630556
TA00041,Obuasi TSHS, Obuasi,2018-05-16,0,6.1871,-1.052630556
TA00041,Obuasi TSHS, Obuasi,2018-05-17,0,6.1871,-1.052630556
TA00041,Obuasi TSHS, Obuasi,2018-05-18,0,6.1871,-1.052630556
TA00041,Obuasi TSHS, Obuasi,2018-05-19,0,6.1871,-1.052630556
TA00042,CRIG, Tafo,2018-05-15,0,6.22,-1.359444444
TA00042,CRIG, Tafo,2018-05-16,0,6.22,-1.359444444
TA00042,CRIG, Tafo,2018-05-17,0,6.22,-1.359444444
TA00042,CRIG, Tafo,2018-05-18,0,6.22,-1.359444444
TA00042,CRIG, Tafo,2018-05-19,0,6.22,-1.359444444
TA00043,St. Joseph Technical School, Kwahu Tafo,2018-05-15,0,6.654452778,-0.669077778
TA00043,St. Joseph Technical School, Kwahu Tafo,2018-05-16,0,6.654452778,-0.669077778
TA00043,St. Joseph Technical School, Kwahu Tafo,2018-05-17,0,6.654452778,-0.669077778
TA00043,St. Joseph Technical School, Kwahu Tafo,2018-05-18,0,6.654452778,-0.669077778
TA00043,St. Joseph Technical School, Kwahu Tafo,2018-05-19,0,6.654452778,-0.669077778
TA00044,Mountain High School, Kona, Ashanti Region,2018-05-15,0,6.851388889,-1.515
TA00044,Mountain High School, Kona, Ashanti Region,2018-05-16,0,6.851388889,-1.515
TA00044,Mountain High School, Kona, Ashanti Region,2018-05-17,0,6.851388889,-1.515
TA00044,Mountain High School, Kona, Ashanti Region,2018-05-18,0.04,6.851388889,-1.515
TA00044,Mountain High School, Kona, Ashanti Region,2018-05-19,0,6.851388889,-1.515
TA00045,Asesewaa Senior High School, Asesewaa,2018-05-15,0,6.406175,-0.146602778
TA00045,Asesewaa Senior High School, Asesewaa,2018-05-16,0,6.406175,-0.146602778
TA00045,Asesewaa Senior High School, Asesewaa,2018-05-17,0,6.406175,-0.146602778
TA00045,Asesewaa Senior High School, Asesewaa,2018-05-18,0,6.406175,-0.146602778
TA00045,Asesewaa Senior High School, Asesewaa,2018-05-19,0,6.406175,-0.146602778
TA00046,Dompoase Senior High School, Dompoase,2018-05-15,0,6.302466667,-1.520297222
TA00046,Dompoase Senior High School, Dompoase,2018-05-16,0.75,6.302466667,-1.520297222
TA00046,Dompoase Senior High School, Dompoase,2018-05-17,11.25,6.302466667,-1.520297222
TA00046,Dompoase Senior High School, Dompoase,2018-05-18,0.04,6.302466667,-1.520297222
TA00046,Dompoase Senior High School, Dompoase,2018-05-19,0.02,6.302466667,-1.520297222
TA00047,Bodwesango Senior High School, Bodwesango,2018-05-15,0,6.283841667,-1.417355556
TA00047,Bodwesango Senior High School, Bodwesango,2018-05-16,6.56,6.283841667,-1.417355556
TA00047,Bodwesango Senior High School, Bodwesango,2018-05-17,2.39,6.283841667,-1.417355556
TA00047,Bodwesango Senior High School, Bodwesango,2018-05-18,0.06,6.283841667,-1.417355556
TA00047,Bodwesango Senior High School, Bodwesango,2018-05-19,0.06,6.283841667,-1.417355556
TA00048,Asante Akyem Technology Institute,2018-05-15,0,6.653675,-1.166888889
TA00048,Asante Akyem Technology Institute,2018-05-16,0,6.653675,-1.166888889
TA00048,Asante Akyem Technology Institute,2018-05-17,0,6.653675,-1.166888889
TA00048,Asante Akyem Technology Institute,2018-05-18,0,6.653675,-1.166888889
TA00048,Asante Akyem Technology Institute,2018-05-19,0,6.653675,-1.166888889
TA00049,Ofoase Senior HTS,2018-05-15,0,6.396666667,-1.282597222
TA00049,Ofoase Senior HTS,2018-05-16,1.12,6.396666667,-1.282597222
TA00049,Ofoase Senior HTS,2018-05-17,1.07,6.396666667,-1.282597222
TA00049,Ofoase Senior HTS,2018-05-18,0.06,6.396666667,-1.282597222
TA00049,Ofoase Senior HTS,2018-05-19,0,6.396666667,-1.282597222
TA00050,Bompata Presby SHS, Bompata,2018-05-15,0,6.619158333,-1.052630556
TA00050,Bompata Presby SHS, Bompata,2018-05-16,1.08,6.619158333,-1.052630556
TA00050,Bompata Presby SHS, Bompata,2018-05-17,1.07,6.619158333,-1.052630556
TA00050,Bompata Presby SHS, Bompata,2018-05-18,4.46,6.619158333,-1.052630556
TA00050,Bompata Presby SHS, Bompata,2018-05-19,0.06,6.619158333,-1.052630556
TA00098,GMet HQ,2018-05-15,0,5.6511025,-0.1645213
TA00098,GMet HQ,2018-05-16,0,5.6511025,-0.1645213
TA00098,GMet HQ,2018-05-17,33.39,5.6511025,-0.1645213
TA00098,GMet HQ,2018-05-18,0.02,5.6511025,-0.1645213
TA00098,GMet HQ,2018-05-19,0.02,5.6511025,-0.1645213
TA00109,BREMAN ASIKUMA SHS,2018-05-15,0.05,5.5926509,-0.9964172
TA00109,BREMAN ASIKUMA SHS,2018-05-16,0.43,5.5926509,-0.9964172
TA00109,BREMAN ASIKUMA SHS,2018-05-17,4.87,5.5926509,-0.9964172
TA00109,BREMAN ASIKUMA SHS,2018-05-18,0.04,5.5926509,-0.9964172
TA00109,BREMAN ASIKUMA SHS,2018-05-19,0.06,5.5926509,-0.9964172
TA00110,FOSO COLLEGE OF EDUCATION,2018-05-15,0,5.6826423,-1.2650179
TA00110,FOSO COLLEGE OF EDUCATION,2018-05-16,0,5.6826423,-1.2650179
TA00110,FOSO COLLEGE OF EDUCATION,2018-05-17,24.63,5.6826423,-1.2650179
TA00110,FOSO COLLEGE OF EDUCATION,2018-05-18,0.02,5.6826423,-1.2650179
TA00110,FOSO COLLEGE OF EDUCATION,2018-05-19,0.45,5.6826423,-1.2650179
TA00111,HOHOE E.P. SHS,2018-05-15,0,7.1700372,0.4687968
TA00111,HOHOE E.P. SHS,2018-05-16,0.02,7.1700372,0.4687968
TA00111,HOHOE E.P. SHS,2018-05-17,13.64,7.1700372,0.4687968
TA00111,HOHOE E.P. SHS,2018-05-18,0.02,7.1700372,0.4687968
TA00111,HOHOE E.P. SHS,2018-05-19,0,7.1700372,0.4687968
TA00112,OTI SENIOR HIGH TECH.,2018-05-15,0,8.049376,0.191168
TA00112,OTI SENIOR HIGH TECH.,2018-05-16,0,8.049376,0.191168
TA00112,OTI SENIOR HIGH TECH.,2018-05-17,0.95,8.049376,0.191168
TA00112,OTI SENIOR HIGH TECH.,2018-05-18,0.06,8.049376,0.191168
TA00112,OTI SENIOR HIGH TECH.,2018-05-19,0,8.049376,0.191168
TA00113,NKWANTA SHS,2018-05-15,0,8.2711238,0.5152645
TA00113,NKWANTA SHS,2018-05-16,0.02,8.2711238,0.5152645
TA00113,NKWANTA SHS,2018-05-17,3.37,8.2711238,0.5152645
TA00113,NKWANTA SHS,2018-05-18,0.04,8.2711238,0.5152645
TA00113,NKWANTA SHS,2018-05-19,0,8.2711238,0.5152645
TA00114,BUEMAN SHS,2018-05-15,0.24,7.4220573,0.4625504
TA00114,BUEMAN SHS,2018-05-16,0,7.4220573,0.4625504
TA00114,BUEMAN SHS,2018-05-17,0.14,7.4220573,0.4625504
TA00114,BUEMAN SHS,2018-05-18,0.06,7.4220573,0.4625504
TA00114,BUEMAN SHS,2018-05-19,0,7.4220573,0.4625504
TA00115,KPEVE SENIOR HIGH TECH.,2018-05-15,0,6.6764708,0.3277943
TA00115,KPEVE SENIOR HIGH TECH.,2018-05-16,23.54,6.6764708,0.3277943
TA00115,KPEVE SENIOR HIGH TECH.,2018-05-17,0.97,6.6764708,0.3277943
TA00115,KPEVE SENIOR HIGH TECH.,2018-05-18,0.08,6.6764708,0.3277943
TA00115,KPEVE SENIOR HIGH TECH.,2018-05-19,0.02,6.6764708,0.3277943
TA00116,AMEDZOFE TECHNICAL INSTITUTE,2018-05-15,0,6.8458153,0.4406979
TA00116,AMEDZOFE TECHNICAL INSTITUTE,2018-05-16,2.66,6.8458153,0.4406979
TA00116,AMEDZOFE TECHNICAL INSTITUTE,2018-05-17,1.81,6.8458153,0.4406979
TA00116,AMEDZOFE TECHNICAL INSTITUTE,2018-05-18,0.61,6.8458153,0.4406979
TA00116,AMEDZOFE TECHNICAL INSTITUTE,2018-05-19,0,6.8458153,0.4406979
TA00117,KETA SHS,2018-05-15,0,5.8950832,0.9895673
TA00117,KETA SHS,2018-05-16,0,5.8950832,0.9895673
TA00117,KETA SHS,2018-05-17,16.7,5.8950832,0.9895673
TA00117,KETA SHS,2018-05-18,0,5.8950832,0.9895673
TA00117,KETA SHS,2018-05-19,0,5.8950832,0.9895673
TA00118,TEMA SECONDARY SCHOOL,2018-05-15,0,5.6414133,-0.0118703
TA00118,TEMA SECONDARY SCHOOL,2018-05-16,0,5.6414133,-0.0118703
TA00118,TEMA SECONDARY SCHOOL,2018-05-17,1.07,5.6414133,-0.0118703
TA00118,TEMA SECONDARY SCHOOL,2018-05-18,0.02,5.6414133,-0.0118703
TA00118,TEMA SECONDARY SCHOOL,2018-05-19,0,5.6414133,-0.0118703
TA00119,ELUBO,2018-05-15,2.13,5.1611293,-2.6414389
TA00119,ELUBO,2018-05-16,0,5.1611293,-2.6414389
TA00119,ELUBO,2018-05-17,0,5.1611293,-2.6414389
TA00119,ELUBO,2018-05-18,0,5.1611293,-2.6414389
TA00119,ELUBO,2018-05-19,0,5.1611293,-2.6414389
TA00120,Nkroful Agric SHS,2018-05-15,0,4.9718609,-2.322676
TA00120,Nkroful Agric SHS,2018-05-16,0,4.9718609,-2.322676
TA00120,Nkroful Agric SHS,2018-05-17,0,4.9718609,-2.322676
TA00120,Nkroful Agric SHS,2018-05-18,0,4.9718609,-2.322676
TA00120,Nkroful Agric SHS,2018-05-19,0,4.9718609,-2.322676
TA00121,Half Assini SHS,2018-05-15,4.31,5.0532069,-2.8772937
TA00121,Half Assini SHS,2018-05-16,8.53,5.0532069,-2.8772937
TA00121,Half Assini SHS,2018-05-17,10.25,5.0532069,-2.8772937
TA00121,Half Assini SHS,2018-05-18,0.06,5.0532069,-2.8772937
TA00121,Half Assini SHS,2018-05-19,0,5.0532069,-2.8772937
TA00122,Amenfiman SHS,2018-05-15,0.78,5.7786387,-2.090195
TA00122,Amenfiman SHS,2018-05-16,0.86,5.7786387,-2.090195
TA00122,Amenfiman SHS,2018-05-17,4.28,5.7786387,-2.090195
TA00122,Amenfiman SHS,2018-05-18,21.21,5.7786387,-2.090195
TA00122,Amenfiman SHS,2018-05-19,0.05,5.7786387,-2.090195
TA00123,Boa Amponsem SHS,2018-05-15,0,5.9631772,-1.7923338
TA00123,Boa Amponsem SHS,2018-05-16,0.43,5.9631772,-1.7923338
TA00123,Boa Amponsem SHS,2018-05-17,0.93,5.9631772,-1.7923338
TA00123,Boa Amponsem SHS,2018-05-18,0.21,5.9631772,-1.7923338
TA00123,Boa Amponsem SHS,2018-05-19,0.04,5.9631772,-1.7923338
TA00124,Church of Christ SHS,2018-05-15,0,5.5571256,-1.6933381
TA00124,Church of Christ SHS,2018-05-16,0,5.5571256,-1.6933381
TA00124,Church of Christ SHS,2018-05-17,0,5.5571256,-1.6933381
TA00124,Church of Christ SHS,2018-05-18,0,5.5571256,-1.6933381
TA00124,Church of Christ SHS,2018-05-19,0,5.5571256,-1.6933381
TA00125,Twifo Praso SHS,2018-05-15,0,5.6158834,-1.5797063
TA00125,Twifo Praso SHS,2018-05-16,0,5.6158834,-1.5797063
TA00125,Twifo Praso SHS,2018-05-17,0,5.6158834,-1.5797063
TA00125,Twifo Praso SHS,2018-05-18,0,5.6158834,-1.5797063
TA00125,Twifo Praso SHS,2018-05-19,0,5.6158834,-1.5797063
TA00126,Berekuso - Ashesi Unversity,2018-05-15,0,5.758029,-0.221716
TA00126,Berekuso - Ashesi Unversity,2018-05-16,1.8,5.758029,-0.221716
TA00126,Berekuso - Ashesi Unversity,2018-05-17,11.8,5.758029,-0.221716
TA00126,Berekuso - Ashesi Unversity,2018-05-18,0,5.758029,-0.221716
TA00126,Berekuso - Ashesi Unversity,2018-05-19,0.2,5.758029,-0.221716
TA00127,Alogboshie,2018-05-15,0,5.627016,-0.231426
TA00127,Alogboshie,2018-05-16,0,5.627016,-0.231426
TA00127,Alogboshie,2018-05-17,0,5.627016,-0.231426
TA00127,Alogboshie,2018-05-18,0,5.627016,-0.231426
TA00127,Alogboshie,2018-05-19,0,5.627016,-0.231426
TA00128,Odawna (Sahara),2018-05-15,0,5.560642,-0.217823
TA00128,Odawna (Sahara),2018-05-16,0,5.560642,-0.217823
TA00128,Odawna (Sahara),2018-05-17,0,5.560642,-0.217823
TA00128,Odawna (Sahara),2018-05-18,0,5.560642,-0.217823
TA00128,Odawna (Sahara),2018-05-19,0,5.560642,-0.217823
TA00136,Notre Dame Seminary/SHS, Navrongo,2018-05-15,0,10.8833736,-1.0711047
TA00136,Notre Dame Seminary/SHS, Navrongo,2018-05-16,0,10.8833736,-1.0711047
TA00136,Notre Dame Seminary/SHS, Navrongo,2018-05-17,0,10.8833736,-1.0711047
TA00136,Notre Dame Seminary/SHS, Navrongo,2018-05-18,0,10.8833736,-1.0711047
TA00136,Notre Dame Seminary/SHS, Navrongo,2018-05-19,0,10.8833736,-1.0711047
TA00137,Anum Presby SHS,2018-05-15,0,6.499433,0.148033
TA00137,Anum Presby SHS,2018-05-16,0,6.499433,0.148033
TA00137,Anum Presby SHS,2018-05-17,0,6.499433,0.148033
TA00137,Anum Presby SHS,2018-05-18,0,6.499433,0.148033
TA00137,Anum Presby SHS,2018-05-19,0,6.499433,0.148033
TA00142,Obuasi SHTS,2018-05-15,6.4,6.1969032,-1.682612
TA00142,Obuasi SHTS,2018-05-16,0.37,6.1969032,-1.682612
TA00142,Obuasi SHTS,2018-05-17,0.57,6.1969032,-1.682612
TA00142,Obuasi SHTS,2018-05-18,2.61,6.1969032,-1.682612
TA00142,Obuasi SHTS,2018-05-19,0.06,6.1969032,-1.682612
TA00143,KNUST JHS,2018-05-15,0,6.6844356,-1.5686934
TA00143,KNUST JHS,2018-05-16,1.37,6.6844356,-1.5686934
TA00143,KNUST JHS,2018-05-17,12.89,6.6844356,-1.5686934
TA00143,KNUST JHS,2018-05-18,0,6.6844356,-1.5686934
TA00143,KNUST JHS,2018-05-19,0,6.6844356,-1.5686934
TA00177,Alogboshie,2018-05-15,0,5.6270224,-0.2314436
TA00177,Alogboshie,2018-05-16,0,5.6270224,-0.2314436
TA00177,Alogboshie,2018-05-17,34.94,5.6270224,-0.2314436
TA00177,Alogboshie,2018-05-18,0.02,5.6270224,-0.2314436
TA00177,Alogboshie,2018-05-19,0.02,5.6270224,-0.2314436
TA00181,Konongo Odumasi SHS,2018-05-15,0,6.6147078,-1.2272438
TA00181,Konongo Odumasi SHS,2018-05-16,1.02,6.6147078,-1.2272438
TA00181,Konongo Odumasi SHS,2018-05-17,21.87,6.6147078,-1.2272438
TA00181,Konongo Odumasi SHS,2018-05-18,0,6.6147078,-1.2272438
TA00181,Konongo Odumasi SHS,2018-05-19,0,6.6147078,-1.2272438
TA00241,Okuapeman SHS, Akropong Akuapem,2018-05-15,0.13,5.9594536,-0.0945284
TA00241,Okuapeman SHS, Akropong Akuapem,2018-05-16,0.29,5.9594536,-0.0945284
TA00241,Okuapeman SHS, Akropong Akuapem,2018-05-17,9.7,5.9594536,-0.0945284
TA00241,Okuapeman SHS, Akropong Akuapem,2018-05-18,0.36,5.9594536,-0.0945284
TA00241,Okuapeman SHS, Akropong Akuapem,2018-05-19,0.13,5.9594536,-0.0945284
TA00248,Osudoku SHTS, Asutsuare,2018-05-15,0.02,6.0756705,0.1962613
TA00248,Osudoku SHTS, Asutsuare,2018-05-16,0.98,6.0756705,0.1962613
TA00248,Osudoku SHTS, Asutsuare,2018-05-17,6.67,6.0756705,0.1962613
TA00248,Osudoku SHTS, Asutsuare,2018-05-18,0.1,6.0756705,0.1962613
TA00248,Osudoku SHTS, Asutsuare,2018-05-19,0,6.0756705,0.1962613
TA00249,St. Peter s R/C JHS/ St. John s R/C JHS, Tuna,2018-05-15,0.61,9.4941781,-2.4347746
TA00249,St. Peter s R/C JHS/ St. John s R/C JHS, Tuna,2018-05-16,0.07,9.4941781,-2.4347746
TA00249,St. Peter s R/C JHS/ St. John s R/C JHS, Tuna,2018-05-17,3,9.4941781,-2.4347746
TA00249,St. Peter s R/C JHS/ St. John s R/C JHS, Tuna,2018-05-18,0.58,9.4941781,-2.4347746
TA00249,St. Peter s R/C JHS/ St. John s R/C JHS, Tuna,2018-05-19,0.05,9.4941781,-2.4347746
TA00251,Daffiama SHS, Daffiama,2018-05-15,0,10.4249548,-2.55448
TA00251,Daffiama SHS, Daffiama,2018-05-16,0,10.4249548,-2.55448
TA00251,Daffiama SHS, Daffiama,2018-05-17,0,10.4249548,-2.55448
TA00251,Daffiama SHS, Daffiama,2018-05-18,0,10.4249548,-2.55448
TA00251,Daffiama SHS, Daffiama,2018-05-19,0,10.4249548,-2.55448
TA00253,Han SHS, Han,2018-05-15,0,10.6704061,-2.4647696
TA00253,Han SHS, Han,2018-05-16,0,10.6704061,-2.4647696
TA00253,Han SHS, Han,2018-05-17,20.16,10.6704061,-2.4647696
TA00253,Han SHS, Han,2018-05-18,0.1,10.6704061,-2.4647696
TA00253,Han SHS, Han,2018-05-19,0,10.6704061,-2.4647696
TA00254,Bongo SHS, Bongo,2018-05-15,0,10.9132026,-0.8101152
TA00254,Bongo SHS, Bongo,2018-05-16,0.63,10.9132026,-0.8101152
TA00254,Bongo SHS, Bongo,2018-05-17,2.11,10.9132026,-0.8101152
TA00254,Bongo SHS, Bongo,2018-05-18,0.04,10.9132026,-0.8101152
TA00254,Bongo SHS, Bongo,2018-05-19,0,10.9132026,-0.8101152
TA00259,Kpandai SHS, Kpandai,2018-05-15,0,8.47606,0.02853
TA00259,Kpandai SHS, Kpandai,2018-05-16,0,8.47606,0.02853
TA00259,Kpandai SHS, Kpandai,2018-05-17,0,8.47606,0.02853
TA00259,Kpandai SHS, Kpandai,2018-05-18,0,8.47606,0.02853
TA00259,Kpandai SHS, Kpandai,2018-05-19,0,8.47606,0.02853
TA00260,Bimbilla SHS, Bimbilla,2018-05-15,0,8.86232,0.05191
TA00260,Bimbilla SHS, Bimbilla,2018-05-16,0,8.86232,0.05191
TA00260,Bimbilla SHS, Bimbilla,2018-05-17,0,8.86232,0.05191
TA00260,Bimbilla SHS, Bimbilla,2018-05-18,0,8.86232,0.05191
TA00260,Bimbilla SHS, Bimbilla,2018-05-19,0,8.86232,0.05191
TA00262,Atebubu SHS, Atebubu,2018-05-15,0.02,7.7402922,-0.9716813
TA00262,Atebubu SHS, Atebubu,2018-05-16,0,7.7402922,-0.9716813
TA00262,Atebubu SHS, Atebubu,2018-05-17,1.48,7.7402922,-0.9716813
TA00262,Atebubu SHS, Atebubu,2018-05-18,0,7.7402922,-0.9716813
TA00262,Atebubu SHS, Atebubu,2018-05-19,0,7.7402922,-0.9716813
TA00263,Odawna Sahara,2018-05-15,0,5.561,-0.218
TA00263,Odawna Sahara,2018-05-16,0,5.561,-0.218
TA00263,Odawna Sahara,2018-05-17,0,5.561,-0.218
TA00263,Odawna Sahara,2018-05-18,0,5.561,-0.218
TA00263,Odawna Sahara,2018-05-19,0,5.561,-0.218
TA00264,Gbewaa College of Education, Pusiga,2018-05-15,0,11.0688601,-0.1147799
TA00264,Gbewaa College of Education, Pusiga,2018-05-16,0,11.0688601,-0.1147799
TA00264,Gbewaa College of Education, Pusiga,2018-05-17,7.44,11.0688601,-0.1147799
TA00264,Gbewaa College of Education, Pusiga,2018-05-18,0.04,11.0688601,-0.1147799
TA00264,Gbewaa College of Education, Pusiga,2018-05-19,0,11.0688601,-0.1147799
TA00265,Prang SHS, Prang,2018-05-15,0,7.996203,-0.8821018
TA00265,Prang SHS, Prang,2018-05-16,0,7.996203,-0.8821018
TA00265,Prang SHS, Prang,2018-05-17,6.27,7.996203,-0.8821018
TA00265,Prang SHS, Prang,2018-05-18,0.04,7.996203,-0.8821018
TA00265,Prang SHS, Prang,2018-05-19,0,7.996203,-0.8821018
TA00266,Kajaji SHS, Kajaji,2018-05-15,0.07,7.781986,-0.212638
TA00266,Kajaji SHS, Kajaji,2018-05-16,0,7.781986,-0.212638
TA00266,Kajaji SHS, Kajaji,2018-05-17,7.5,7.781986,-0.212638
TA00266,Kajaji SHS, Kajaji,2018-05-18,0.07,7.781986,-0.212638
TA00266,Kajaji SHS, Kajaji,2018-05-19,0,7.781986,-0.212638
TA00267,St. Monica s SHS, Mampong,2018-05-15,0.24,7.044865,-1.404366
TA00267,St. Monica s SHS, Mampong,2018-05-16,0.99,7.044865,-1.404366
TA00267,St. Monica s SHS, Mampong,2018-05-17,0.52,7.044865,-1.404366
TA00267,St. Monica s SHS, Mampong,2018-05-18,0.06,7.044865,-1.404366
TA00267,St. Monica s SHS, Mampong,2018-05-19,0.03,7.044865,-1.404366
TA00268,Nafana Presby SHS, Sampa,2018-05-15,0.02,7.945427,-2.692886
TA00268,Nafana Presby SHS, Sampa,2018-05-16,3,7.945427,-2.692886
TA00268,Nafana Presby SHS, Sampa,2018-05-17,2.56,7.945427,-2.692886
TA00268,Nafana Presby SHS, Sampa,2018-05-18,0.11,7.945427,-2.692886
TA00268,Nafana Presby SHS, Sampa,2018-05-19,0,7.945427,-2.692886
TA00275,Goka SHTS, Goka,2018-05-15,0,7.7579531,-2.6490646
TA00275,Goka SHTS, Goka,2018-05-16,0.58,7.7579531,-2.6490646
TA00275,Goka SHTS, Goka,2018-05-17,0.24,7.7579531,-2.6490646
TA00275,Goka SHTS, Goka,2018-05-18,0.06,7.7579531,-2.6490646
TA00275,Goka SHTS, Goka,2018-05-19,0.04,7.7579531,-2.6490646
TA00276,Bibiani SHTS, Bibiani,2018-05-15,0,6.4631616,-2.3042364
TA00276,Bibiani SHTS, Bibiani,2018-05-16,0,6.4631616,-2.3042364
TA00276,Bibiani SHTS, Bibiani,2018-05-17,7.01,6.4631616,-2.3042364
TA00276,Bibiani SHTS, Bibiani,2018-05-18,0.04,6.4631616,-2.3042364
TA00276,Bibiani SHTS, Bibiani,2018-05-19,0.02,6.4631616,-2.3042364
TA00277,Mankranso SHS,2018-05-15,0.02,6.8246152,-1.8682505
TA00277,Mankranso SHS,2018-05-16,5.47,6.8246152,-1.8682505
TA00277,Mankranso SHS,2018-05-17,8.17,6.8246152,-1.8682505
TA00277,Mankranso SHS,2018-05-18,0.04,6.8246152,-1.8682505
TA00277,Mankranso SHS,2018-05-19,0.06,6.8246152,-1.8682505
TA00278,Sunyani Airport,2018-05-15,0,7.3591252,-2.3298696
TA00278,Sunyani Airport,2018-05-16,0,7.3591252,-2.3298696
TA00278,Sunyani Airport,2018-05-17,1.74,7.3591252,-2.3298696
TA00278,Sunyani Airport,2018-05-18,0,7.3591252,-2.3298696
TA00278,Sunyani Airport,2018-05-19,0,7.3591252,-2.3298696
TA00279,Kumasi Airport,2018-05-15,0,6.7169821,-1.5916858
TA00279,Kumasi Airport,2018-05-16,0.61,6.7169821,-1.5916858
TA00279,Kumasi Airport,2018-05-17,5.82,6.7169821,-1.5916858
TA00279,Kumasi Airport,2018-05-18,0,6.7169821,-1.5916858
TA00279,Kumasi Airport,2018-05-19,0,6.7169821,-1.5916858
TA00280,Nkawkaw SHS, Nkawkaw,2018-05-15,2.29,6.5379185,-0.7591053
TA00280,Nkawkaw SHS, Nkawkaw,2018-05-16,0.34,6.5379185,-0.7591053
TA00280,Nkawkaw SHS, Nkawkaw,2018-05-17,0.83,6.5379185,-0.7591053
TA00280,Nkawkaw SHS, Nkawkaw,2018-05-18,0.07,6.5379185,-0.7591053
TA00280,Nkawkaw SHS, Nkawkaw,2018-05-19,0.04,6.5379185,-0.7591053
TA00282,Awudome SHS, Tsito,2018-05-15,0,6.5291887,0.2804509
TA00282,Awudome SHS, Tsito,2018-05-16,0,6.5291887,0.2804509
TA00282,Awudome SHS, Tsito,2018-05-17,1.67,6.5291887,0.2804509
TA00282,Awudome SHS, Tsito,2018-05-18,0,6.5291887,0.2804509
TA00282,Awudome SHS, Tsito,2018-05-19,0,6.5291887,0.2804509
TA00297,Twifo Praso SHS,2018-05-15,0.22,5.6158834,-1.5797063
TA00297,Twifo Praso SHS,2018-05-16,0.38,5.6158834,-1.5797063
TA00297,Twifo Praso SHS,2018-05-17,0.38,5.6158834,-1.5797063
TA00297,Twifo Praso SHS,2018-05-18,0.27,5.6158834,-1.5797063
TA00297,Twifo Praso SHS,2018-05-19,0.16,5.6158834,-1.5797063
TA00298,Anum Presby SHS,2018-05-15,0,6.5004241,0.1467558
TA00298,Anum Presby SHS,2018-05-16,0.02,6.5004241,0.1467558
TA00298,Anum Presby SHS,2018-05-17,4.71,6.5004241,0.1467558
TA00298,Anum Presby SHS,2018-05-18,0,6.5004241,0.1467558
TA00298,Anum Presby SHS,2018-05-19,0,6.5004241,0.1467558
TA00301,St. Paul s SHS, Denu,2018-05-15,0,6.1241872,1.1260359
TA00301,St. Paul s SHS, Denu,2018-05-16,0,6.1241872,1.1260359
TA00301,St. Paul s SHS, Denu,2018-05-17,0,6.1241872,1.1260359
TA00301,St. Paul s SHS, Denu,2018-05-18,0,6.1241872,1.1260359
TA00301,St. Paul s SHS, Denu,2018-05-19,0,6.1241872,1.1260359
TA00302,Ghana SHS, Koforidua,2018-05-15,0,6.1078846,-0.2642101
TA00302,Ghana SHS, Koforidua,2018-05-16,0,6.1078846,-0.2642101
TA00302,Ghana SHS, Koforidua,2018-05-17,0,6.1078846,-0.2642101
TA00302,Ghana SHS, Koforidua,2018-05-18,0.02,6.1078846,-0.2642101
TA00302,Ghana SHS, Koforidua,2018-05-19,0.06,6.1078846,-0.2642101
TA00303,Asamankese SHS, Asamankese,2018-05-15,0,5.873005,-0.6752834
TA00303,Asamankese SHS, Asamankese,2018-05-16,0,5.873005,-0.6752834
TA00303,Asamankese SHS, Asamankese,2018-05-17,5.43,5.873005,-0.6752834
TA00303,Asamankese SHS, Asamankese,2018-05-18,0.07,5.873005,-0.6752834
TA00303,Asamankese SHS, Asamankese,2018-05-19,0.13,5.873005,-0.6752834
TA00304,St. Rose s SHS, Akwatia,2018-05-15,0,6.0383226,-0.8152161
TA00304,St. Rose s SHS, Akwatia,2018-05-16,4.13,6.0383226,-0.8152161
TA00304,St. Rose s SHS, Akwatia,2018-05-17,9.11,6.0383226,-0.8152161
TA00304,St. Rose s SHS, Akwatia,2018-05-18,3.8,6.0383226,-0.8152161
TA00304,St. Rose s SHS, Akwatia,2018-05-19,0.22,6.0383226,-0.8152161
TA00308,Oda SHS, Akim Oda,2018-05-15,0.44,5.9685227,-0.9940477
TA00308,Oda SHS, Akim Oda,2018-05-16,0.07,5.9685227,-0.9940477
TA00308,Oda SHS, Akim Oda,2018-05-17,4.56,5.9685227,-0.9940477
TA00308,Oda SHS, Akim Oda,2018-05-18,3.1,5.9685227,-0.9940477
TA00308,Oda SHS, Akim Oda,2018-05-19,0.03,5.9685227,-0.9940477
TA00309,Kwanyako SHS, Agona Kwanyako,2018-05-15,0,5.6037719,-0.6353713
TA00309,Kwanyako SHS, Agona Kwanyako,2018-05-16,0.71,5.6037719,-0.6353713
TA00309,Kwanyako SHS, Agona Kwanyako,2018-05-17,1.81,5.6037719,-0.6353713
TA00309,Kwanyako SHS, Agona Kwanyako,2018-05-18,0.06,5.6037719,-0.6353713
TA00309,Kwanyako SHS, Agona Kwanyako,2018-05-19,0,5.6037719,-0.6353713
TA00310,University of Cape Coast,2018-05-15,0.18,5.1165531,-1.2890207
TA00310,University of Cape Coast,2018-05-16,0.02,5.1165531,-1.2890207
TA00310,University of Cape Coast,2018-05-17,1.75,5.1165531,-1.2890207
TA00310,University of Cape Coast,2018-05-18,0.06,5.1165531,-1.2890207
TA00310,University of Cape Coast,2018-05-19,0,5.1165531,-1.2890207
TA00311,Church of Christ SHS,2018-05-15,0.09,5.5571256,-1.6933381
TA00311,Church of Christ SHS,2018-05-16,1.09,5.5571256,-1.6933381
TA00311,Church of Christ SHS,2018-05-17,39.61,5.5571256,-1.6933381
TA00311,Church of Christ SHS,2018-05-18,2.98,5.5571256,-1.6933381
TA00311,Church of Christ SHS,2018-05-19,0,5.5571256,-1.6933381
TA00312,Abono JHS, Lake Bosomtwi,2018-05-15,3.82,6.536621,-1.432402
TA00312,Abono JHS, Lake Bosomtwi,2018-05-16,7.19,6.536621,-1.432402
TA00312,Abono JHS, Lake Bosomtwi,2018-05-17,0.1,6.536621,-1.432402
TA00312,Abono JHS, Lake Bosomtwi,2018-05-18,17.22,6.536621,-1.432402
TA00312,Abono JHS, Lake Bosomtwi,2018-05-19,0.06,6.536621,-1.432402